filename,class,split
balok_hijautua_021.jpg,balok_hijaumuda,train
balok_hijautua_073.jpg,balok_hijaumuda,train
balok_hijautua_047.jpg,balok_hijaumuda,train
balok_hijautua_033.jpg,balok_hijaumuda,train
balok_hijautua_077.jpg,balok_hijaumuda,train
balok_hijautua_083.jpg,balok_hijaumuda,train
balok_hijautua_087.jpg,balok_hijaumuda,train
balok_hijautua_015.jpg,balok_hijaumuda,train
balok_hijautua_080.jpg,balok_hijaumuda,train
balok_hijautua_091.jpg,balok_hijaumuda,train
balok_hijautua_098.jpg,balok_hijaumuda,train
balok_hijautua_095.jpg,balok_hijaumuda,train
balok_hijautua_097.jpg,balok_hijaumuda,train
balok_hijautua_037.jpg,balok_hijaumuda,train
balok_hijautua_041.jpg,balok_hijaumuda,train
balok_hijautua_072.jpg,balok_hijaumuda,train
balok_hijautua_088.jpg,balok_hijaumuda,train
balok_hijautua_063.jpg,balok_hijaumuda,train
balok_hijautua_114.jpg,balok_hijaumuda,train
balok_hijautua_026.jpg,balok_hijaumuda,train
balok_hijautua_082.jpg,balok_hijaumuda,train
balok_hijautua_001.jpg,balok_hijaumuda,train
balok_hijautua_112.jpg,balok_hijaumuda,train
balok_hijautua_050.jpg,balok_hijaumuda,train
balok_hijautua_071.jpg,balok_hijaumuda,train
balok_hijautua_009.jpg,balok_hijaumuda,train
balok_hijautua_099.jpg,balok_hijaumuda,val
balok_hijautua_093.jpg,balok_hijaumuda,val
balok_hijautua_076.jpg,balok_hijaumuda,val
balok_hijautua_010.jpg,balok_hijaumuda,val
balok_hijautua_079.jpg,balok_hijaumuda,val
balok_hijautua_032.jpg,balok_hijaumuda,val
balok_hijautua_051.jpg,balok_hijaumuda,val
balok_hijautua_061.jpg,balok_hijaumuda,test
balok_hijautua_067.jpg,balok_hijaumuda,test
balok_hijautua_008.jpg,balok_hijaumuda,test
balok_hijautua_030.jpg,balok_hijaumuda,test
balok_hitam_082.jpg,balok_hitam,train
balok_hitam_059.jpg,balok_hitam,train
balok_hitam_104.jpg,balok_hitam,train
balok_hitam_072.jpg,balok_hitam,train
balok_hitam_030.jpg,balok_hitam,train
balok_hitam_025.jpg,balok_hitam,train
balok_hitam_107.jpg,balok_hitam,train
balok_hitam_083.jpg,balok_hitam,train
balok_hitam_019.jpg,balok_hitam,train
balok_hitam_118.jpg,balok_hitam,train
balok_hitam_006.jpg,balok_hitam,train
balok_hitam_103.jpg,balok_hitam,train
balok_hitam_050.jpg,balok_hitam,train
balok_hitam_063.jpg,balok_hitam,train
balok_hitam_051.jpg,balok_hitam,train
balok_hitam_086.jpg,balok_hitam,train
balok_hitam_119.jpg,balok_hitam,train
balok_hitam_115.jpg,balok_hitam,train
balok_hitam_012.jpg,balok_hitam,train
balok_hitam_033.jpg,balok_hitam,train
balok_hitam_097.jpg,balok_hitam,train
balok_hitam_057.jpg,balok_hitam,train
balok_hitam_045.jpg,balok_hitam,train
balok_hitam_079.jpg,balok_hitam,train
balok_hitam_009.jpg,balok_hitam,train
balok_hitam_027.jpg,balok_hitam,train
balok_hitam_060.jpg,balok_hitam,val
balok_hitam_093.jpg,balok_hitam,val
balok_hitam_084.jpg,balok_hitam,val
balok_hitam_032.jpg,balok_hitam,val
balok_hitam_015.jpg,balok_hitam,val
balok_hitam_080.jpg,balok_hitam,val
balok_hitam_021.jpg,balok_hitam,val
balok_hitam_022.jpg,balok_hitam,test
balok_hitam_067.jpg,balok_hitam,test
balok_hitam_036.jpg,balok_hitam,test
balok_hitam_028.jpg,balok_hitam,test
balok_merahmuda_053.jpg,balok_merahmuda,train
balok_merahmuda_013.jpg,balok_merahmuda,train
balok_merahmuda_051.jpg,balok_merahmuda,train
balok_merahmuda_047.jpg,balok_merahmuda,train
balok_merahmuda_003.jpg,balok_merahmuda,train
balok_merahmuda_030.jpg,balok_merahmuda,train
balok_merahmuda_094.jpg,balok_merahmuda,train
balok_merahmuda_018.jpg,balok_merahmuda,train
balok_merahmuda_109.jpg,balok_merahmuda,train
balok_merahmuda_033.jpg,balok_merahmuda,train
balok_merahmuda_010.jpg,balok_merahmuda,train
balok_merahmuda_001.jpg,balok_merahmuda,train
balok_merahmuda_104.jpg,balok_merahmuda,train
balok_merahmuda_089.jpg,balok_merahmuda,train
balok_merahmuda_118.jpg,balok_merahmuda,train
balok_merahmuda_117.jpg,balok_merahmuda,train
balok_merahmuda_107.jpg,balok_merahmuda,train
balok_merahmuda_034.jpg,balok_merahmuda,train
balok_merahmuda_040.jpg,balok_merahmuda,train
balok_merahmuda_106.jpg,balok_merahmuda,train
balok_merahmuda_019.jpg,balok_merahmuda,train
balok_merahmuda_052.jpg,balok_merahmuda,train
balok_merahmuda_015.jpg,balok_merahmuda,train
balok_merahmuda_096.jpg,balok_merahmuda,train
balok_merahmuda_056.jpg,balok_merahmuda,train
balok_merahmuda_004.jpg,balok_merahmuda,val
balok_merahmuda_059.jpg,balok_merahmuda,val
balok_merahmuda_108.jpg,balok_merahmuda,val
balok_merahmuda_115.jpg,balok_merahmuda,val
balok_merahmuda_023.jpg,balok_merahmuda,val
balok_merahmuda_075.jpg,balok_merahmuda,val
balok_merahmuda_036.jpg,balok_merahmuda,val
balok_merahmuda_081.jpg,balok_merahmuda,val
balok_merahmuda_119.jpg,balok_merahmuda,test
balok_merahmuda_031.jpg,balok_merahmuda,test
balok_merahmuda_084.jpg,balok_merahmuda,test
